indicator,transform,lag,ACF,PACF,CI95_upper,CI95_lower,sample_size
游客接待量_主插补,对数一阶差分,0,1.0,1.0,0.5060698239044358,-0.5060698239044358,15
游客接待量_主插补,对数一阶差分,1,0.2043675090347722,0.2043675090347722,0.5060698239044358,-0.5060698239044358,15
游客接待量_主插补,对数一阶差分,2,-0.18738736352966115,-0.23914144260264913,0.5060698239044358,-0.5060698239044358,15
游客接待量_主插补,对数一阶差分,3,-0.0700842196099105,0.029047555053533423,0.5060698239044358,-0.5060698239044358,15
游客接待量_主插补,对数一阶差分,4,-0.0780007295043552,-0.12395719090529025,0.5060698239044358,-0.5060698239044358,15
游客接待量_主插补,对数一阶差分,5,-0.003423799365727777,0.038877494473560155,0.5060698239044358,-0.5060698239044358,15
旅游综合收入,对数一阶差分,0,1.0,1.0,0.5060698239044358,-0.5060698239044358,15
旅游综合收入,对数一阶差分,1,0.054856895274183054,0.054856895274183054,0.5060698239044358,-0.5060698239044358,15
旅游综合收入,对数一阶差分,2,-0.23968360228486896,-0.2434254162271597,0.5060698239044358,-0.5060698239044358,15
旅游综合收入,对数一阶差分,3,-0.18044387174376883,-0.1607199857439133,0.5060698239044358,-0.5060698239044358,15
旅游综合收入,对数一阶差分,4,-0.044338923686842766,-0.094114625556733,0.5060698239044358,-0.5060698239044358,15
旅游综合收入,对数一阶差分,5,0.21647333367429517,0.15293311742618618,0.5060698239044358,-0.5060698239044358,15
