indicator,p,d,q,parameter_count_including_variance,conditional_loglik,AIC,AICc,BIC,in_sample_RMSE_dlog,rolling_MAPE_2023_2025_pct,drift_mean_dlog,AR_parameters,MA_parameters,parameter_boundary_flag,selected_main_model,selection_note
游客接待量_主插补,0,1,0,2,6.669366580401672,-9.338733160803343,-8.338733160803343,-7.922632758598923,0.1551189601022152,3.581861766943781,0.07698583432900019,,,False,True,主模型：结构最简，且滚动预测稳定
游客接待量_主插补,0,1,1,3,7.25583938945928,-8.51167877891856,-6.329860597100378,-6.38752817561193,0.14917112245591646,8.505295141202156,0.08245363187251606,,0.374837,False,False,候选模型，不作为主模型
游客接待量_主插补,0,1,2,4,7.633539964673126,-7.267079929346252,-3.2670799293462522,-4.434879124937412,0.14546188324492265,6.473547757057769,0.07856079837411425,,0.288220;-0.244209,False,False,候选模型，不作为主模型
游客接待量_主插补,1,1,0,3,6.994258289440421,-7.9885165788808425,-5.806698397062661,-5.864365975574213,0.1517952934916852,5.674847008275485,0.07985582939254779,0.207792,,False,False,候选模型，不作为主模型
游客接待量_主插补,1,1,1,4,7.547739457627518,-7.095478915255036,-3.095478915255036,-4.263278110846196,0.14629631434606008,6.458903040974937,0.08149132663248473,-0.386742,0.718762,False,False,候选模型，不作为主模型
游客接待量_主插补,1,1,2,5,13.372793746834459,-16.745587493668918,-10.07892082700225,-13.205336488157867,0.09921578877408797,10.563787306196321,0.15893320773561326,0.642182,-0.980000;-0.980000,True,False,参数接近边界，存在小样本过拟合风险
游客接待量_主插补,2,1,0,4,7.4487109459176795,-6.897421891835359,-2.897421891835359,-4.065221087426519,0.14726534329483623,10.52670979670538,0.07783360228603195,0.258702;-0.244699,,False,False,候选模型，不作为主模型
游客接待量_主插补,2,1,1,5,7.596876498966699,-5.193752997933398,1.472913668733269,-1.6535019924223473,0.14581786056430165,15.637529459830638,0.07998350750520511,-0.330656;-0.102823,0.638893,False,False,候选模型，不作为主模型
游客接待量_主插补,2,1,2,6,13.65279460003364,-15.305589200067281,-4.805589200067281,-11.057287993454022,0.09738093371838893,9.231743467832647,0.15892229633197025,0.522067;0.199826,-0.980000;-0.980000,True,False,参数接近边界，存在小样本过拟合风险
旅游综合收入,0,1,0,2,4.084395794735093,-4.168791589470185,-3.1687915894701852,-2.752691187265765,0.1842924121785992,10.850665292333863,0.11525231133777775,,,False,True,主模型：结构最简，且滚动预测稳定
旅游综合收入,0,1,1,3,4.133532094533928,-2.267064189067856,-0.08524600724967435,-0.14291358576122626,0.18368970339916138,9.850029698839215,0.11483380845531646,,0.114831,False,False,候选模型，不作为主模型
旅游综合收入,0,1,2,4,4.743465831715998,-1.4869316634319958,2.513068336568004,1.3452691409768445,0.17637028735060822,10.803182051650802,0.11482178703026194,,0.006337;-0.359805,False,False,候选模型，不作为主模型
旅游综合收入,1,1,0,3,4.109274658210112,-2.2185493164202246,-0.036731134602042914,-0.09439871311359482,0.18398699980823033,10.344495248838271,0.1149871350876682,0.060372,,False,False,候选模型，不作为主模型
旅游综合收入,1,1,1,4,4.880285295206788,-1.7605705904135753,2.2394294095864247,1.071630213995265,0.17476887605519395,10.355335461145602,0.12404013113911966,0.747258,-0.980000,True,False,参数接近边界，存在小样本过拟合风险
旅游综合收入,1,1,2,5,9.750349878287581,-9.500699756575163,-2.8340330899084956,-5.960448751064112,0.1263168484324846,15.3133999725367,0.19537335965568486,0.384329,-0.980000;-0.980000,True,False,参数接近边界，存在小样本过拟合风险
旅游综合收入,2,1,0,4,4.621572645412217,-1.2431452908244331,2.756854709175567,1.589055513584407,0.177809348911137,11.7721089883981,0.115916896948102,0.080023;-0.270103,,False,False,候选模型，不作为主模型
旅游综合收入,2,1,1,5,5.202791704799166,-0.40558340959833217,6.261083257068335,3.1346675959127186,0.17105137764804748,17.852602164465736,0.12558743463255073,0.906720;-0.218099,-0.980000,True,False,参数接近边界，存在小样本过拟合风险
旅游综合收入,2,1,2,6,10.293241458850947,-8.586482917701893,1.9135170822981067,-4.338181711088634,0.12182683467287349,12.93990921167224,0.19534822212900743,0.288258;0.287345,-0.980000;-0.980000,True,False,参数接近边界，存在小样本过拟合风险
