indicator,transform,scale,window_count,mean_RS,log_scale,log_RS,fitted_log_RS
游客接待量_主插补,原对数,4,13,1.5362217296023624,1.3862943611198906,0.4293259795171411,0.4592470832936064
游客接待量_主插补,原对数,5,12,1.9492569903076697,1.6094379124341003,0.6674482693535955,0.6695876749190961
游客接待量_主插补,原对数,6,11,2.413737129406532,1.791759469228055,0.8811762225481449,0.8414484519671428
游客接待量_主插补,原对数,7,10,2.8305981019158155,1.9459101490553132,1.0404880327584194,0.9867546685410662
游客接待量_主插补,原对数,8,9,3.1983450481301525,2.0794415416798357,1.1626335035665505,1.112624638610997
游客接待量_主插补,原对数,9,8,3.4723682818875137,2.1972245773362196,1.2448368631450801,1.2236498206406796
游客接待量_主插补,原对数,10,7,3.609789953467643,2.302585092994046,1.283649586016996,1.3229652302364874
游客接待量_主插补,原对数,11,6,3.684683331803957,2.3978952727983707,1.304184587567171,1.4128069464317463
游客接待量_主插补,原对数,12,5,4.056484545138572,2.4849066497880004,1.4003167229452127,1.4948260072845339
游客接待量_主插补,原对数,13,4,4.675790022380267,2.5649493574615367,1.5423981372081028,1.570276229297226
游客接待量_主插补,原对数,14,3,5.258288616527133,2.6390573296152584,1.6598056157345071,1.6401322238584568
游客接待量_主插补,原对数,15,2,5.787066389608024,2.70805020110221,1.7556254947235852,1.7051665989100233
游客接待量_主插补,原对数,16,1,6.256361291879173,2.772588722239781,1.833598752834929,1.766002193928388
游客接待量_主插补,对数一阶差分,4,12,1.435002852259984,1.3862943611198906,0.3611668368472286,0.404765284409091
游客接待量_主插补,对数一阶差分,5,11,1.8053968986556777,1.6094379124341003,0.5907804560648209,0.5853504204493261
游客接待量_主插补,对数一阶差分,6,10,2.1182310960301445,1.791759469228055,0.7505813517229164,0.7328992200574425
游客接待量_主插补,对数一阶差分,7,9,2.423065819782051,1.9459101490553132,0.8850336060473823,0.8576499525941954
游客接待量_主插补,对数一阶差分,8,8,2.6626918481935444,2.0794415416798357,0.9793375840992063,0.9657139524755394
游客接待量_主插补,对数一阶差分,9,7,2.817303986034971,2.1972245773362196,1.0357803943377542,1.0610331557057942
游客接待量_主插补,对数一阶差分,10,6,3.195496918324132,2.302585092994046,1.1617426057278666,1.1462990885157749
游客接待量_主插补,对数一阶差分,11,5,3.4993032919214477,2.3978952727983707,1.2525638892293909,1.2234315070177442
游客接待量_主插补,对数一阶差分,12,4,3.721134111546432,2.4849066497880004,1.314028490517315,1.2938478881238913
游客接待量_主插补,对数一阶差分,13,3,3.9005873788469145,2.5649493574615367,1.3611271517558066,1.3586246794276238
游客接待量_主插补,对数一阶差分,14,2,4.0580932380596675,2.6390573296152584,1.4007132174974004,1.4185986206606436
游客接待量_主插补,对数一阶差分,15,1,4.177826811366856,2.70805020110221,1.4297912097540975,1.4744330241641261
旅游综合收入,原对数,4,13,1.535804024308065,1.3862943611198906,0.42905403824429217,0.42667377583215016
旅游综合收入,原对数,5,12,1.9672575634691232,1.6094379124341003,0.6766404731169479,0.6480520155214367
旅游综合收入,原对数,6,11,2.4064108618787254,1.791759469228055,0.8781363685093426,0.8289312076950075
旅游综合收入,原对数,7,10,2.666855696341898,1.9459101490553132,0.9809001366276351,0.9818623856120103
旅游综合收入,原对数,8,9,2.911596427952625,2.0794415416798357,1.0687015314280717,1.1143373976317432
旅游综合收入,原对数,9,8,3.2514871206928597,2.1972245773362196,1.1791124672836593,1.231188639557865
旅游综合收入,原对数,10,7,3.691932733794006,2.302585092994046,1.3061500970255522,1.33571563732103
旅游综合收入,原对数,11,6,4.101101956088185,2.3978952727983707,1.4112557073757421,1.4302718084731165
旅游综合收入,原对数,12,5,4.506146029135822,2.4849066497880004,1.5054422491937274,1.5165948294946003
旅游综合收入,原对数,13,4,4.891156402609857,2.5649493574615367,1.587428758680348,1.5960043110609325
旅游综合收入,原对数,14,3,5.375117994145842,2.6390573296152584,1.6817805261720025,1.669526007411603
旅游综合收入,原对数,15,2,5.860230578965512,2.70805020110221,1.7681889507611441,1.737973069183887
旅游综合收入,原对数,16,1,6.336590196082774,2.772588722239781,1.8463407998082433,1.802001019431336
旅游综合收入,对数一阶差分,4,12,1.4335147552250938,1.3862943611198906,0.3601292994345246,0.3841584368226407
旅游综合收入,对数一阶差分,5,11,1.6967924517053523,1.6094379124341003,0.528739675711383,0.5349726623706613
旅游综合收入,对数一阶差分,6,10,1.932665216669181,1.791759469228055,0.6588999915736636,0.6581968569604099
旅游综合收入,对数一阶差分,7,9,2.159053422187464,1.9459101490553132,0.7696698951762725,0.7623814289945489
旅游综合收入,对数一阶差分,8,8,2.3824493400143916,2.0794415416798357,0.8681290929473882,0.852630210312271
旅游综合收入,对数一阶差分,9,7,2.54555930934708,2.1972245773362196,0.9343503937733929,0.9322352770981793
旅游综合收入,对数一阶差分,10,6,2.778845299670776,2.302585092994046,1.0220354815861012,1.0034444358602919
旅游综合收入,对数一阶差分,11,5,2.9771893363394915,2.3978952727983707,1.090979679722211,1.0678609554924976
旅游综合收入,对数一阶差分,12,4,3.1494107804934672,2.4849066497880004,1.1472153815291979,1.1266686304500406
旅游综合收入,对数一阶差分,13,3,3.310300979638351,2.5649493574615367,1.1970391156593887,1.1807664472924055
旅游综合收入,对数一阶差分,14,2,3.4223674637917236,2.6390573296152584,1.2303325524610884,1.2308532024841794
旅游综合收入,对数一阶差分,15,1,3.333860162413405,2.70805020110221,1.2041308405615738,1.2774828559980613
